<?xml version = '1.0' encoding = 'windows-1252'?>

<!--L
  Copyright SAIC-F Inc.

  Distributed under the OSI-approved BSD 3-Clause License.
  See http://ncip.github.com/cadsr-cde-browser/LICENSE.txt for details.

  Portions of this source file not modified since 2008 are covered by:

  Copyright 2000-2008 Oracle, Inc.

  Distributed under the caBIG Software License.  For details see
  http://ncip.github.com/cadsr-cde-browser/LICENSE-caBIG.txt
L-->

<!DOCTYPE struts-config PUBLIC "-//Apache Software Foundation//DTD Struts Configuration 1.1//EN" "http://jakarta.apache.org/struts/dtds/struts-config_1_1.dtd">
<struts-config>
  <form-beans>
    <form-bean name="ocrform"
      type="gov.nih.nci.ncicb.cadsr.ocbrowser.struts.formbeans.OCBrowserBaseDynaFormBean"
      dynamic="true">
      <form-property name="objectClassIdseq" type="java.lang.String"/>
      <form-property name="ocrIndex" type="java.lang.String"/>
      <form-property name="ocrDirection" type="java.lang.String"/>  
      <form-property name="ocrBreadCrumbsIndex" type="java.lang.Integer"/> 
      <form-property name="currOcrIdseq" type="java.lang.String"/>
    </form-bean>

    <form-bean name="ocform"
      type="gov.nih.nci.ncicb.cadsr.ocbrowser.struts.formbeans.OCBrowserBaseDynaFormBean"
      dynamic="true">
      <form-property name="objectClassIdseq" type="java.lang.String"/>  
      <form-property name="resetCrumbs" type="java.lang.String"/>    
      <form-property name="ocrBreadCrumbsIndex" type="java.lang.Integer"/> 
    </form-bean>
  </form-beans>  
  <action-mappings>
    <action name="ocrform" path="/ocbrowser/ocrDetailsAction" parameter="method"
      scope="request"
      type="gov.nih.nci.ncicb.cadsr.ocbrowser.struts.actions.ObjectClassRelationshipAction"
      validate="false"
      >
      <forward name="success" path="/jsp/ocbrowser/ocrDetails.jsp"/>
      <forward name="failure" path="/jsp/common/systemError.jsp"/>
    </action>
    
    <action name="ocrform" path="/ocbrowser/navigateOCRAction" parameter="method"
      scope="request"
      type="gov.nih.nci.ncicb.cadsr.ocbrowser.struts.actions.ObjectClassRelationshipAction"
      validate="false"
      >
      <forward name="success" path="/jsp/ocbrowser/ocrDetails.jsp"/>
      <forward name="failure" path="/jsp/common/systemError.jsp"/>
    </action>    

    <action name="ocrform" path="/ocbrowser/clearNavigationPathAction" parameter="method"
      scope="request"
      type="gov.nih.nci.ncicb.cadsr.ocbrowser.struts.actions.ObjectClassRelationshipAction"
      validate="false"
      >
      <forward name="success" path="/jsp/ocbrowser/ocrDetails.jsp"/>
    </action>  
    
    <action name="ocform" path="/ocbrowser/ocDetailsAction" parameter="method"
      scope="request"
      type="gov.nih.nci.ncicb.cadsr.ocbrowser.struts.actions.ObjectClassAction"
      validate="false"
      >
      <forward name="success" path="/jsp/ocbrowser/ocDetails.jsp"/>
      <forward name="failure" path="/jsp/common/systemError.jsp"/>
    </action>
    
     <action name="ocform" path="/ocbrowser/viewRefDocAttchment" parameter="method"
      scope="request"
      type="gov.nih.nci.ncicb.cadsr.ocbrowser.struts.actions.ObjectClassAction"
      validate="false" 
      >     
      <forward name="success" path="/jsp/ocbrowser/ocDetails.jsp"/>
    </action>
     

  </action-mappings>  
  
  <plug-in className="gov.nih.nci.ncicb.cadsr.common.struts.common.ObjectPlugIn">
    <set-property 
      property="applicationKey" 
      value="ApplicationServiceLocatorClassName"/>
    <set-property 
      property="className" 
      value="gov.nih.nci.ncicb.cadsr.common.servicelocator.spring.ApplicationServiceLocatorImpl"/>      
  </plug-in>
 
  
  
</struts-config>
