<?xml version = '1.0' encoding = 'windows-1252'?>

<!--L
  Copyright SAIC-F Inc.

  Distributed under the OSI-approved BSD 3-Clause License.
  See http://ncip.github.com/cadsr-cde-browser/LICENSE.txt for details.

  Portions of this source file not modified since 2008 are covered by:

  Copyright 2000-2008 Oracle, Inc.

  Distributed under the caBIG Software License.  For details see
  http://ncip.github.com/cadsr-cde-browser/LICENSE-caBIG.txt
L-->

<!DOCTYPE struts-config PUBLIC "-//Apache Software Foundation//DTD Struts Configuration 1.2//EN" "http://jakarta.apache.org/struts/dtds/struts-config_1_2.dtd">
<struts-config>
  <form-beans>
    <form-bean name="adminform"
      type="org.apache.struts.validator.DynaValidatorForm"
      dynamic="true">
      <form-property name="app" type="java.lang.String"/>
    </form-bean>
    </form-beans> 
  <action-mappings>
    <action name="adminform" path="/admin/adminAction" parameter="method"
      scope="request"
      type="gov.nih.nci.ncicb.cadsr.common.admin.struts.actions.AdminAction"
      validate="false"
      >
      <forward name="success" path="/jsp/admin/admin.jsp"/>
    </action>  
  </action-mappings>  
  
  
</struts-config>
