<!--L
  Copyright SAIC-F Inc.

  Distributed under the OSI-approved BSD 3-Clause License.
  See http://ncip.github.com/cadsr-cde-browser/LICENSE.txt for details.

  Portions of this source file not modified since 2008 are covered by:

  Copyright 2000-2008 Oracle, Inc.

  Distributed under the caBIG Software License.  For details see
  http://ncip.github.com/cadsr-cde-browser/LICENSE-caBIG.txt
L-->

    <!-- ======================= -->
    <!-- Setup the cadsrutil Appender -->
    <!-- ======================= -->

    <appender name="CADSRUTIL_FILE" class="org.jboss.logging.appender.RollingFileAppender">
        <errorHandler class="org.jboss.logging.util.OnlyOnceErrorHandler" />
        <param name="File" value="${jboss.server.home.dir}/log/cadsrutil_log.txt" />         
	  <param name="Append" value="false" />
        <param name="MaxFileSize" value="200KB" />
        <param name="MaxBackupIndex" value="3" />
        <param name="Threshold" value="DEBUG" />
        <layout class="org.apache.log4j.PatternLayout">
            <param name="ConversionPattern" value="%d %-5p [%c] %m%n" />
        </layout>
    </appender>
