<?xml version="1.0" encoding="UTF-8"?>

<!--L
  Copyright SAIC-F Inc.

  Distributed under the OSI-approved BSD 3-Clause License.
  See http://ncip.github.com/cadsr-cde-browser/LICENSE.txt for details.

  Portions of this source file not modified since 2008 are covered by:

  Copyright 2000-2008 Oracle, Inc.

  Distributed under the caBIG Software License.  For details see
  http://ncip.github.com/cadsr-cde-browser/LICENSE-caBIG.txt
L-->

<!-- ===================================================================== -->
<!--                                                                       -->
<!--  JBoss Server Configuration                                           -->
<!--                                                                       -->
<!-- ===================================================================== -->
<!-- $Id: template.cdebrowser-oracle-ds.xml,v 1.2 2009-02-03 21:40:38 davet Exp $ -->
<!-- ==================================================================== -->
<!--  Datasource config for Oracle originally from Steven Coy             -->
<!-- ==================================================================== -->
<datasources>
- <local-tx-datasource>
  <jndi-name>jdbc/@Tool.ds.jndi.Name@</jndi-name> 
  <connection-url>jdbc:oracle:thin:@@CADSR.DS.URL@</connection-url> 
  <driver-class>oracle.jdbc.driver.OracleDriver</driver-class> 
  <user-name>@CADSR.DS.USER@</user-name> 
  <password>@CADSR.DS.PSWD@</password> 
  <exception-sorter-class-name>org.jboss.resource.adapter.jdbc.vendor.OracleExceptionSorter</exception-sorter-class-name> 
  <new-connection-sql>select 1 from dual</new-connection-sql> 
  <check-valid-connection-sql>select 1 from dual</check-valid-connection-sql> 
  <blocking-timeout-millis>10000</blocking-timeout-millis> 
  <idle-timeout-minutes>1</idle-timeout-minutes> 
  <max-pool-size>85</max-pool-size> 
  <min-pool-size>1</min-pool-size> 
  <application-managed-security /> 
  </local-tx-datasource>
 </datasources>
