<?xml version="1.0"?>

<!--L
  Copyright SAIC-F Inc.

  Distributed under the OSI-approved BSD 3-Clause License.
  See http://ncip.github.com/cadsr-cde-browser/LICENSE.txt for details.

  Portions of this source file not modified since 2008 are covered by:

  Copyright 2000-2008 Oracle, Inc.

  Distributed under the caBIG Software License.  For details see
  http://ncip.github.com/cadsr-cde-browser/LICENSE-caBIG.txt
L-->

<!DOCTYPE cle-providers SYSTEM "http://xmlns.oracle.com/ias/mvc/cle-providers.dtd">
<cle-providers>
  <provider name="cdebrowser_bc4j" class="oracle.clex.persistence.bc4j.ApplicationModuleProvider">
    <property name="user" value="@CADSR.DS.USER@"/>
    <property name="password" value="@CADSR.DS.PSWD@"/>
    <property name="modulename" value="gov.nih.nci.ncicb.cadsr.common.persistence.bc4j.CDEBrowserBc4jModule"/>
    <property name="connectionstring" value="jdbc:oracle:thin:@CADSR.DS.USER@/@CADSR.DS.PSWD@@@CADSR.DS.URL@"/>
    <property name="host" value="@CADSR.DS.HOST@"/>
    <property name="sid" value="@CADSR.DS.TNS.ENTRY@"/>
    <property name="persistencebase" value="gov.nih.nci.ncicb.cadsr.common.persistence.bc4j"/>
    <property name="failover" value=""/>
  </provider>
</cle-providers>