<?xml version='1.0'?>

<!--L
  Copyright SAIC-F Inc.

  Distributed under the OSI-approved BSD 3-Clause License.
  See http://ncip.github.com/cadsr-cde-browser/LICENSE.txt for details.

  Portions of this source file not modified since 2008 are covered by:

  Copyright 2000-2008 Oracle, Inc.

  Distributed under the caBIG Software License.  For details see
  http://ncip.github.com/cadsr-cde-browser/LICENSE-caBIG.txt
L-->

<!DOCTYPE policy PUBLIC "-//JBoss//DTD JBOSS Security Config 3.0//EN" "http://www.jboss.org/j2ee/dtd/security_config.dtd">

    <!-- ============================ -->
    <!-- Applicaiton policy for the CDEBrowser to be added to jboss login-config.xml file-->
    <!-- ============================ -->

<policy>
	<!-- CDEBrowser policy -->
    <application-policy name="CDEBrowserDomain">
		<authentication>			
			<login-module code="gov.nih.nci.ncicb.cadsr.common.security.jboss.DBLoginModule" flag="required">
				<module-option name="ServiceLocatorClassName">gov.nih.nci.ncicb.cadsr.common.servicelocator.ejb.ServiceLocatorImpl</module-option>
				<module-option name="applicationUserName">@CADSR.DS.USER@</module-option>
		      	<module-option name="applicationPassword">@CADSR.DS.PSWD@</module-option>				
			</login-module>
		</authentication>
	</application-policy>    
</policy>

