<!--L
  Copyright SAIC-F Inc.

  Distributed under the OSI-approved BSD 3-Clause License.
  See http://ncip.github.com/cadsr-cde-browser/LICENSE.txt for details.

  Portions of this source file not modified since 2008 are covered by:

  Copyright 2000-2008 Oracle, Inc.

  Distributed under the caBIG Software License.  For details see
  http://ncip.github.com/cadsr-cde-browser/LICENSE-caBIG.txt
L-->

    <!-- ======================= -->
    <!-- Setup the cadsrutil category -->
    <!-- ======================= -->
    
    <category name="gov.nih.nci.ncicb.cadsr.common" additivity="false">
        <priority value="INFO" />
        <appender-ref ref="CADSRUTIL_FILE" />
    </category>

    <category name="gov.nih.nci.ncicb.oracle" additivity="false">
        <priority value="INFO" />
        <appender-ref ref="CADSRUTIL_FILE" />
    </category>

    <category name="gov.nih.nci.ncicb.webtree" additivity="false">
        <priority value="INFO" />
        <appender-ref ref="CADSRUTIL_FILE" />
    </category>
