<?xml version = '1.0' encoding = 'windows-1252'?>

<!--L
  Copyright SAIC-F Inc.

  Distributed under the OSI-approved BSD 3-Clause License.
  See http://ncip.github.com/cadsr-cde-browser/LICENSE.txt for details.

  Portions of this source file not modified since 2008 are covered by:

  Copyright 2000-2008 Oracle, Inc.

  Distributed under the caBIG Software License.  For details see
  http://ncip.github.com/cadsr-cde-browser/LICENSE-caBIG.txt
L-->

<!DOCTYPE web-app PUBLIC "-//Sun Microsystems, Inc.//DTD Web Application 2.3//EN" "http://java.sun.com/dtd/web-app_2_3.dtd">
<web-app>
	<description>web.xml file for CDE Browser</description>
	<context-param>
		<param-name>javax.faces.CONFIG_FILES</param-name>
		<param-value>/WEB-INF/cdebrowser-faces-config.xml</param-value>
		<description>
			Comma separated list of URIs of (additional) faces config
			files. (e.g. /WEB-INF/my-config.xml) See JSF 1.0 PRD2,
			10.3.2 Attention: You do not need to put
			/WEB-INF/faces-config.xml in here.
		</description>
	</context-param>
	<context-param>
		<param-name>javax.faces.STATE_SAVING_METHOD</param-name>
		<param-value>server</param-value>
		<description>
			State saving method: "client" or "server" (= default) See
			JSF Specification 2.5.3
		</description>
	</context-param>
	<context-param>
		<param-name>
			org.apache.myfaces.NUMBER_OF_VIEWS_IN_SESSION
		</param-name>
		<param-value>20</param-value>
		<description>
			Only applicable if state saving method is "server" (=
			default). Defines the amount (default = 20) of the latest
			views are stored in session.
		</description>
	</context-param>
	<context-param>
		<param-name>
			org.apache.myfaces.SERIALIZE_STATE_IN_SESSION
		</param-name>
		<param-value>false</param-value>
		<description>
			Only applicable if state saving method is "server" (=
			default). If true (default) the state will be serialized to
			a byte stream before it is written to the session. If false
			the state will not be serialized to a byte stream.
		</description>
	</context-param>
	<context-param>
		<param-name>
			org.apache.myfaces.COMPRESS_STATE_IN_SESSION
		</param-name>
		<param-value>false</param-value>
		<description>
			Only applicable if state saving method is "server" (=
			default) and if
			org.apache.myfaces.SERIALIZE_STATE_IN_SESSION is true (=
			default) If true (default) the serialized state will be
			compressed before it is written to the session. If false the
			state will not be compressed.
		</description>
	</context-param>
	<context-param>
		<param-name>org.apache.myfaces.ALLOW_JAVASCRIPT</param-name>
		<param-value>true</param-value>
		<description>
			This parameter tells MyFaces if javascript code should be
			allowed in the rendered HTML output. If javascript is
			allowed, command_link anchors will have javascript code that
			submits the corresponding form. If javascript is not
			allowed, the state saving info and nested parameters will be
			added as url parameters. Default: "true"
		</description>
	</context-param>
	<context-param>
		<param-name>org.apache.myfaces.DETECT_JAVASCRIPT</param-name>
		<param-value>false</param-value>
	</context-param>
	<context-param>
		<param-name>org.apache.myfaces.PRETTY_HTML</param-name>
		<param-value>true</param-value>
		<description>
			If true, rendered HTML code will be formatted, so that it is
			"human readable". i.e. additional line separators and
			whitespace will be written, that do not influence the HTML
			code. Default: "true"
		</description>
	</context-param>
	<context-param>
		<param-name>org.apache.myfaces.AUTO_SCROLL</param-name>
		<param-value>true</param-value>
		<description>
			If true, a javascript function will be rendered that is able
			to restore the former vertical scroll on every request.
			Convenient feature if you have pages with long lists and you
			do not want the browser page to always jump to the top if
			you trigger a link or button action that stays on the same
			page. Default: "false"
		</description>
	</context-param>

	<context-param>
		<param-name>org.apache.myfaces.validate</param-name>
		<param-value>true</param-value>
		<description>
			Validate managed beans and navigation rules.
		</description>
	</context-param>
	<context-param>
		<param-name>org.apache.myfaces.ADD_RESOURCE_CLASS</param-name>
		<param-value>
			org.apache.myfaces.component.html.util.StreamingAddResource
		</param-value>
	</context-param>
	<context-param>
		<param-name>facelets.LIBRARIES</param-name>
		<param-value>/WEB-INF/tld/tomahawk.taglib.xml</param-value>
	</context-param>
	<context-param>
		<param-name>
			org.apache.myfaces.CHECK_EXTENSIONS_FILTER
		</param-name>
		<param-value>false</param-value>
	</context-param>
	<context-param>
    <description>
        Change the url-pattern from the ExtensionsFilter
        Default is "/faces/myFacesExtensionResource"
        Note: The filter-mapping for ExtensionsFilter, the url-pattern is
        this value + "/*", else there comes a exception
    </description>
    <param-name>org.apache.myfaces.RESOURCE_VIRTUAL_PATH</param-name>
    <param-value>/faces/extensionResource</param-value>
  </context-param>

    <context-param>
      <description>
          This parameter enables partial state saving.
      </description>
      <param-name>javax.faces.PARTIAL_STATE_SAVING_METHOD</param-name>
      <param-value>false</param-value>
    </context-param>

    <context-param>
      <description>
          If true every time a page is rendered, the corresponding JSP is dispatched also.
          This is very usefull if Scriptlets are used inside the JSP.
      </description>
      <param-name>javax.faces.PARTIAL_STATE_SAVING_DISPATCH_EVERY_TIME</param-name>
      <param-value>true</param-value>
    </context-param>
    
    <context-param>
        <description>
            Treat read only same as if disabled attribute was set for select elements.
        </description>
        <param-name>org.apache.myfaces.READONLY_AS_DISABLED_FOR_SELECTS</param-name>
        <param-value>true</param-value>
    </context-param>
    
    <context-param>
        <description>
            Do not render the "javax.jsf.ViewState" id attribute for view state hidden inputs. 
            Necessary for valid XHTML on multiple forms on one page. The default value is true for backwards compatibility.
        </description>
        <param-name>org.apache.myfaces.RENDER_VIEWSTATE_ID</param-name>
        <param-value>false</param-value>
    </context-param>
    
	<context-param>
		<param-name>org.apache.myfaces.STRICT_XHTML_LINKS</param-name>
		<param-value>true</param-value>
	</context-param>
−
	<context-param>
		<param-name>org.apache.myfaces.CONFIG_REFRESH_PERIOD</param-name>
		<param-value>2</param-value>
	</context-param>

	<context-param>
		<param-name>contextConfigLocation</param-name>
		<param-value>
			/WEB-INF/spring/applicationContext-common.xml
			/WEB-INF/spring/applicationContext-domainDao.xml
			/WEB-INF/spring/applicationContext-ocbrowser.xml
		</param-value>
		<description>Spring application context xml files</description>
	</context-param>
	<filter>
		<filter-name>SessionFilter</filter-name>
		<filter-class>
			gov.nih.nci.ncicb.cadsr.cdebrowser.servlets.SessionFilter
		</filter-class>
		<init-param>
			<param-name>controllerName</param-name>
			<param-value>search</param-value>
		</init-param>
		<init-param>
			<param-name>expiredSessionJSP</param-name>
			<param-value>/jsp/common/expiredSession.jsp</param-value>
		</init-param>
		<init-param>
			<param-name>debug</param-name>
			<param-value>N</param-value>
		</init-param>
	</filter>
		
	<filter>
		<filter-name>XSSFilter</filter-name>
		<filter-class>
			gov.nih.nci.ncicb.cadsr.common.xss.XSSFilter
		</filter-class>
	</filter>
	
	<filter-mapping>
	    <filter-name>XSSFilter</filter-name>
	    <url-pattern>/search</url-pattern>
    </filter-mapping>
	
	<filter>
		<filter-name>AjaxAnywhere</filter-name>
		<filter-class>org.ajaxanywhere.AAFilter</filter-class>
	</filter>
	<filter>
		<filter-name>MyFacesExtensionsFilter</filter-name>
		<filter-class>org.apache.myfaces.webapp.filter.ExtensionsFilter</filter-class>
		<init-param>
			<param-name>uploadMaxFileSize</param-name>
        	<param-value>20m</param-value>			
			<param-name>maxFileSize</param-name>
			<param-value>20m</param-value>
			<description>
				Set the size limit for uploaded files. Format: 10 - 10
				bytes 10k - 10 KB 10m - 10 MB 1g - 1 GB
			</description>
		</init-param>
	</filter>

	<filter-mapping>
		<filter-name>SessionFilter</filter-name>
		<url-pattern>/search</url-pattern>
	</filter-mapping>
	<filter-mapping>
		<filter-name>SessionFilter</filter-name>
		<url-pattern>*.do</url-pattern>
	</filter-mapping>
	<filter-mapping>
		<filter-name>AjaxAnywhere</filter-name>
		<url-pattern>*.jsf</url-pattern>
	</filter-mapping>
	<filter-mapping>
		<filter-name>AjaxAnywhere</filter-name>
		<url-pattern>*.do</url-pattern><!-- default Struts mapping -->
	</filter-mapping>
	<filter-mapping>
		<filter-name>AjaxAnywhere</filter-name>
		<url-pattern>*.htm</url-pattern><!-- other framewords mapping-->
	</filter-mapping>

	<!-- extension mapping for adding <script/>, <link/>, and other resource tags to JSF-pages  -->
	<filter-mapping>
		<filter-name>MyFacesExtensionsFilter</filter-name>
		<!-- servlet-name must match the name of your javax.faces.webapp.FacesServlet entry -->
		<servlet-name>Faces Servlet</servlet-name>
	</filter-mapping>

	<!-- extension mapping for serving page-independent resources (javascript, stylesheets, images, etc.)  -->
	<filter-mapping>
		<filter-name>MyFacesExtensionsFilter</filter-name>
		<url-pattern>/faces/myFacesExtensionResource/*</url-pattern>
	</filter-mapping>

	<!-- extension mapping for adding <script/>, <link/>, and other resource tags to JSF-pages  -->
	<filter-mapping>
		<filter-name>MyFacesExtensionsFilter</filter-name>
		<url-pattern>*.jsf</url-pattern>
	</filter-mapping>

	<!--<filter-mapping>
		<filter-name>SessionFilter</filter-name>
		<url-pattern>/formbuilder/*</url-pattern>
	</filter-mapping>

	--><filter-mapping>
		<filter-name>SessionFilter</filter-name>
		<url-pattern>/formCDECartAction.do</url-pattern>
	</filter-mapping>
	<filter-mapping>
		<filter-name>SessionFilter</filter-name>
		<url-pattern>/formCDECartRedirectAction.do</url-pattern>
	</filter-mapping>

	<listener>
		<listener-class>
			org.apache.myfaces.webapp.StartupServletContextListener
		</listener-class>
	</listener>
	<listener>
		<listener-class>
			gov.nih.nci.ncicb.cadsr.cdebrowser.servlets.CDEBrowserSessionListener
		</listener-class>
	</listener>		
	<listener>
		<listener-class>
			oracle.clex.util.ServletEventListener
		</listener-class>
	</listener>
	<listener>
		<listener-class>
			org.springframework.web.context.ContextLoaderListener
		</listener-class>
	</listener>
	<servlet>
		<servlet-name>Faces Servlet</servlet-name>
		<servlet-class>javax.faces.webapp.FacesServlet</servlet-class>
		<load-on-startup>1</load-on-startup>
	</servlet>
	<servlet>
		<servlet-name>action</servlet-name>
		<servlet-class>
			org.apache.struts.action.ActionServlet
		</servlet-class>
		<init-param>
			<param-name>config</param-name>
			<param-value>
				/WEB-INF/cdebrowser/struts-config.xml,
				/WEB-INF/cdebrowser/struts-config-cdeSideBySide.xml,
				/WEB-INF/cdebrowser/struts-config-browserSearchScreenType.xml,
				/WEB-INF/cdebrowser/struts-config-cde-search-preferences.xml,
				/WEB-INF/ocbrowser/struts-config-ocDetails.xml,
				/WEB-INF/cdebrowser/struts-config-browser-valuemeaning.xml,
				/WEB-INF/admin/struts-config-admin.xml,
			</param-value>
		</init-param>
		<init-param>
			<param-name>debug</param-name>
			<param-value>2</param-value>
		</init-param>
		<init-param>
			<param-name>detail</param-name>
			<param-value>2</param-value>
		</init-param>
		<init-param>
			<param-name>validate</param-name>
			<param-value>true</param-value>
		</init-param>
		<init-param>
			<param-name>ServiceLocatorClassName</param-name>
			<param-value>
				gov.nih.nci.ncicb.cadsr.common.servicelocator.ejb.ServiceLocatorImpl
			</param-value>
		</init-param>
		<init-param>
			<param-name>ApplicationServiceLocatorClassName</param-name>
			<param-value>
				gov.nih.nci.ncicb.cadsr.common.servicelocator.spring.ApplicationServiceLocatorImpl
			</param-value>
		</init-param>

		<load-on-startup>1</load-on-startup>
	</servlet>
	<servlet>
		<servlet-name>CDEBrowserServletController</servlet-name>
		<servlet-class>
			oracle.clex.process.controller.HttpServletController
		</servlet-class>
		<init-param>
			<param-name>cle-service-descriptor</param-name>
			<param-value>cdeBrowser.xml</param-value>
		</init-param>
	</servlet>	
	<servlet>
		<servlet-name>LogoutServlet</servlet-name>
		<servlet-class>
			gov.nih.nci.ncicb.cadsr.common.security.LogoutServlet
		</servlet-class>
		<init-param>
			<param-name>LogoutHome</param-name>
			<param-value>/jsp/cdeBrowse.jsp</param-value>
		</init-param>
		<init-param>
      		<param-name>LogoutJSP</param-name>
      		<param-value>/jsp/logout.jsp</param-value>
    	</init-param>
    	<init-param>
      		<param-name>ErrorJSP</param-name>
      		<param-value>/jsp/authorizationError.jsp</param-value>
    	</init-param>		
	</servlet>
	<servlet-mapping>
		<servlet-name>Faces Servlet</servlet-name>
		<url-pattern>*.jsf</url-pattern>
	</servlet-mapping>
	<servlet-mapping>
		<servlet-name>CDEBrowserServletController</servlet-name>
		<url-pattern>/search</url-pattern>
	</servlet-mapping>	
	<servlet-mapping>
		<servlet-name>LogoutServlet</servlet-name>
		<url-pattern>/logout</url-pattern>
	</servlet-mapping>
	<servlet-mapping>
		<servlet-name>action</servlet-name>
		<url-pattern>*.do</url-pattern>
	</servlet-mapping>


	<session-config>
		<session-timeout>300</session-timeout>
	</session-config>
	<mime-mapping>
		<extension>html</extension>
		<mime-type>text/html</mime-type>
	</mime-mapping>
	<mime-mapping>
		<extension>txt</extension>
		<mime-type>text/plain</mime-type>
	</mime-mapping>
	<welcome-file-list>
		<welcome-file>/jsp/cdeBrowse.jsp</welcome-file>
	</welcome-file-list>
	<error-page>
		<error-code>403</error-code>
		<location>
			/logout?FirstTimer=0&amp;authorizationError=yes
		</location>
	</error-page>
	<error-page>
		<error-code>500</error-code>
		<location>/jsp/common/SystemError.jsp</location>
	</error-page>

	<taglib>
		<taglib-uri>/WEB-INF/tld/struts-bean.tld</taglib-uri>
		<taglib-location>/WEB-INF/tld/struts-bean.tld</taglib-location>
	</taglib>
	<taglib>
		<taglib-uri>/WEB-INF/tld/struts-html.tld</taglib-uri>
		<taglib-location>/WEB-INF/tld/struts-html.tld</taglib-location>
	</taglib>
	<taglib>
		<taglib-uri>/WEB-INF/tld/struts-logic.tld</taglib-uri>
		<taglib-location>/WEB-INF/tld/struts-logic.tld</taglib-location>
	</taglib>
	<taglib>
		<taglib-uri>cdebrowserTags</taglib-uri>
		<taglib-location>/WEB-INF/tld/cdebrowser.tld</taglib-location>
	</taglib>
	<taglib>
		<taglib-uri>aaTreeTags</taglib-uri>
		<taglib-location>/WEB-INF/tld/aatree.tld</taglib-location>
	</taglib>

	<resource-ref>
		<res-ref-name>jdbc/CDEBrowserDS</res-ref-name>
		<res-type>javax.sql.DataSource</res-type>
		<res-auth>Container</res-auth>
	</resource-ref>

	<security-constraint>
		<web-resource-collection>
			<web-resource-name>Secure Services</web-resource-name>			
			<url-pattern>/CDEBrowser/*</url-pattern>
			<url-pattern>/formCDECartAction.do</url-pattern>
			<url-pattern>/formCDECartRedirectAction.do</url-pattern>			
		</web-resource-collection>
		<auth-constraint>
			<description>Authorized Users Group</description>
			<role-name>CDE MANAGER</role-name>
			<role-name>CONTEXT ADMIN</role-name>
		</auth-constraint>
	</security-constraint>


	<!-- authentication -->
	<login-config>
		<auth-method>FORM</auth-method>
		<form-login-config>
			<form-login-page>/jsp/LoginForm.jsp</form-login-page>
			<form-error-page>/jsp/LoginForm.jsp?failed=y</form-error-page>
		</form-login-config>
	</login-config>

	<security-role>
		<description>The Only Secure Role</description>
		<role-name>CDE MANAGER</role-name>
	</security-role>
	<security-role>
		<description>The Secure Role</description>
		<role-name>CONTEXT ADMIN</role-name>
	</security-role>
	
	<env-entry>
		<description>
			Class name of the DAOFactory that FormBuilderEJB will use.
		</description>
		<env-entry-name>DAOFactoryClassName</env-entry-name>
		<env-entry-value>
			gov.nih.nci.ncicb.cadsr.common.persistence.dao.jdbc.JDBCDAOFactory
		</env-entry-value>
		<env-entry-type>java.lang.String</env-entry-type>
	</env-entry>

</web-app>
