<?xml version = '1.0' encoding = 'windows-1252'?>

<!--L
  Copyright SAIC-F Inc.

  Distributed under the OSI-approved BSD 3-Clause License.
  See http://ncip.github.com/cadsr-cde-browser/LICENSE.txt for details.

  Portions of this source file not modified since 2008 are covered by:

  Copyright 2000-2008 Oracle, Inc.

  Distributed under the caBIG Software License.  For details see
  http://ncip.github.com/cadsr-cde-browser/LICENSE-caBIG.txt
L-->

<!DOCTYPE application PUBLIC "-//Sun Microsystems, Inc.//DTD J2EE Application 1.3//EN" "http://java.sun.com/dtd/application_1_3.dtd">
<application>
	<display-name>CDEBrowser</display-name>
	<module>
		<web>
			<web-uri>cdebrowser.war</web-uri>
			<context-root>CDEBrowser</context-root>
		</web>
	</module>
	<!--<security-role>
		<role-name>CDE MANAGER</role-name>
		<description>The Only Secure Role</description>
	</security-role>
--></application>
