<?xml version = '1.0' encoding = 'windows-1252'?>

<!--L
  Copyright SAIC-F Inc.

  Distributed under the OSI-approved BSD 3-Clause License.
  See http://ncip.github.com/cadsr-cde-browser/LICENSE.txt for details.

  Portions of this source file not modified since 2008 are covered by:

  Copyright 2000-2008 Oracle, Inc.

  Distributed under the caBIG Software License.  For details see
  http://ncip.github.com/cadsr-cde-browser/LICENSE-caBIG.txt
L-->

<!DOCTYPE struts-config PUBLIC "-//Apache Software Foundation//DTD Struts Configuration 1.2//EN" "http://jakarta.apache.org/struts/dtds/struts-config_1_2.dtd">
<struts-config>
  <form-beans>
    <form-bean name="searchPrefForm"
      type="gov.nih.nci.ncicb.cadsr.common.struts.formbeans.GenericDynaFormBean"
      dynamic="true">
      <form-property name="src" type="java.lang.String"/> 
      <form-property name="moduleIndex" type="java.lang.String"/>
      <form-property name="questionIndex" type="java.lang.String"/>
      <form-property name="excludeTestContext" type="java.lang.String"/>
      <form-property name="excludeTrainingContext" type="java.lang.String"/>
      <form-property name="isPreferencesDefault" type="java.lang.String"/>
    </form-bean>
</form-beans>
  <action-mappings>
    <action name="searchPrefForm" path="/cdebrowser/cdeSearchPrefAction" parameter="method"
      scope="request"
      type="gov.nih.nci.ncicb.cadsr.cdebrowser.struts.actions.CDESearchPrefAction"
      validate="false">
       <forward name="searchPage" path="/jsp/cdeBrowse.jsp?PageId=DataElementsGroup"/>
       <forward name="prefPage" path="/jsp/cdebrowser/cdeSearchPreferences.jsp"/> 
    </action>
            
   </action-mappings>

</struts-config>
