<?xml version = '1.0' encoding = 'windows-1252'?>

<!--L
  Copyright SAIC-F Inc.

  Distributed under the OSI-approved BSD 3-Clause License.
  See http://ncip.github.com/cadsr-cde-browser/LICENSE.txt for details.

  Portions of this source file not modified since 2008 are covered by:

  Copyright 2000-2008 Oracle, Inc.

  Distributed under the caBIG Software License.  For details see
  http://ncip.github.com/cadsr-cde-browser/LICENSE-caBIG.txt
L-->

<!DOCTYPE struts-config PUBLIC "-//Apache Software Foundation//DTD Struts Configuration 1.1//EN" "http://jakarta.apache.org/struts/dtds/struts-config_1_1.dtd">

<struts-config>

  <form-beans>
   <form-bean name="displayCartForm"
      type="gov.nih.nci.ncicb.cadsr.common.struts.formbeans.CDECartFormBean"/>
   </form-beans>
  
  <global-exceptions>
    <exception type="gov.nih.nci.ncicb.cadsr.common.exception.FatalException"
      scope="request" path="/jsp/common/systemError.jsp"
      key="error.system.message"/>
    <exception type="gov.nih.nci.ncicb.cadsr.common.exception.InvalidUserException"
      scope="request" path="/jsp/cdeBrowse.jsp"
      key="error.system.message"/>      
  </global-exceptions>
  
  <global-forwards>
    <forward name="cdebrowserHome" path="/jsp/cdeBrowse.jsp?PageId=DataElementsGroup" redirect="true"/>    
  </global-forwards>
  
  <action-mappings>    
    <action name="displayCartForm" path="/cdeCartAction" parameter="method"
      scope="session"
      type="gov.nih.nci.ncicb.cadsr.cdebrowser.struts.actions.CDECartAction"
      validate="false">
      <forward name="success" path="/jsp/cdebrowser/displayCDECart.jsp"/>
      <forward name="saveSuccess" path="/formCDECartRedirectAction.do?method=addItems" redirect="true"/>
      <forward name="deleteSuccess" path="/formCDECartRedirectAction.do?method=removeItems" redirect="true"/>
      <forward name="newCartSuccess" path="/formCDECartRedirectAction.do?method=addNewCart" redirect="true"/>
      <forward name="deleteCartSuccess" path="/formCDECartRedirectAction.do?method=deleteCart" redirect="true"/>
      
      <forward name="secureSuccess" path="/formCDECartAction.do?method=displayCDECart"/>
    </action>
    <action name="displayCartForm" path="/formCDECartRedirectAction" parameter="method"
      scope="session"
      type="gov.nih.nci.ncicb.cadsr.cdebrowser.struts.actions.SecureCDECartAction"
      validate="false">
      <forward name="addDeleteSuccess" path="/formCDECartAction.do?method=displayCDECart"/>
    </action>    
    <action name="displayCartForm" path="/formCDECartAction" parameter="method"
      scope="request"
      type="gov.nih.nci.ncicb.cadsr.cdebrowser.struts.actions.SecureCDECartAction"
      validate="false">
      <forward name="success" path="/jsp/cdebrowser/displayCDECart.jsp"/>
      <forward name="addDeleteSuccess" path="/formCDECartAction.do?method=displayCDECart"/>
    </action>   
  </action-mappings>
  
  <message-resources parameter="gov.nih.nci.ncicb.cadsr.cdebrowser.struts.common.ApplicationResources"/>
   
  <plug-in className="gov.nih.nci.ncicb.cadsr.common.struts.common.SpringWebContextPlugIn">  
  </plug-in>
    
  <plug-in className="org.apache.struts.validator.ValidatorPlugIn">
    <set-property 
      property="pathnames" 
      value="/WEB-INF/cdebrowser/validator-rules.xml, 
             /WEB-INF/cdebrowser/validation.xml"/>
  </plug-in>

</struts-config>