<?xml version = '1.0' encoding = 'windows-1252'?>

<!--L
  Copyright SAIC-F Inc.

  Distributed under the OSI-approved BSD 3-Clause License.
  See http://ncip.github.com/cadsr-cde-browser/LICENSE.txt for details.

  Portions of this source file not modified since 2008 are covered by:

  Copyright 2000-2008 Oracle, Inc.

  Distributed under the caBIG Software License.  For details see
  http://ncip.github.com/cadsr-cde-browser/LICENSE-caBIG.txt
L-->

<!DOCTYPE struts-config PUBLIC "-//Apache Software Foundation//DTD Struts Configuration 1.2//EN" "http://jakarta.apache.org/struts/dtds/struts-config_1_2.dtd">
<struts-config>
  <form-beans>
    <form-bean name="compareCDEForm"
      type="gov.nih.nci.ncicb.cadsr.common.struts.formbeans.GenericDynaFormBean"
      dynamic="true">
      <form-property name="selectDE" type="java.lang.String[]"/>
      <form-property name="cdeCompareDisplayOrder" type="java.lang.String[]"/>
      <form-property name="cdeToRemove" type="java.lang.String[]"/> 
      <form-property name="src" type="java.lang.String"/> 
      <form-property name="moduleIndex" type="java.lang.String"/>
      <form-property name="questionIndex" type="java.lang.String"/>
    </form-bean>
</form-beans>
  <action-mappings>
    <action name="compareCDEForm" path="/cdebrowser/compareCDEAction" parameter="method"
      scope="request"
      type="gov.nih.nci.ncicb.cadsr.cdebrowser.struts.actions.CompareCDEAction"
      validate="false">
      <forward name="success" path="/jsp/cdebrowser/compareCDEs.jsp"/>
      <forward name="search" path="/jsp/cdebrowser/dataElementsSearch.jsp"/>    
      <forward name="failure" path="/jsp/cdebrowser/cdeCompareFailure.jsp"/> 
    </action>
    
    <action name="compareCDEForm" path="/cdebrowser/CDECompareExcelDownload" parameter="method"
      scope="request"
      type="gov.nih.nci.ncicb.cadsr.cdebrowser.struts.actions.CompareCDEAction"
      validate="false">
    </action>
    
    <action name="compareCDEForm" path="/cdebrowser/changeCompareOrder" parameter="method"
      scope="request"
      type="gov.nih.nci.ncicb.cadsr.cdebrowser.struts.actions.CompareCDEAction"
      validate="false">      
      <forward name="success" path="/jsp/cdebrowser/compareCDEs.jsp"/>
      <forward name="failure" path="/jsp/cdebrowser/compareCDEs.jsp"/> 
    </action>
    
    <action name="compareCDEForm" path="/cdebrowser/addToCompareListAction" parameter="method"
      scope="request"
      type="gov.nih.nci.ncicb.cadsr.cdebrowser.struts.actions.CompareCDEAction"
      validate="false">      
      <forward name="success" path="/jsp/cdebrowser/dataElementsSearch.jsp"/>
      <forward name="failure" path="/jsp/cdebrowser/dataElementsSearch.jsp"/> 
    </action>

    <action name="compareCDEForm" path="/cdebrowser/removeFromCompareListAction" parameter="method"
      scope="request"
      type="gov.nih.nci.ncicb.cadsr.cdebrowser.struts.actions.CompareCDEAction"
      validate="false">      
      <forward name="success" path="/jsp/cdebrowser/compareCDEs.jsp"/>
      <forward name="failure" path="/jsp/cdebrowser/compareCDEs.jsp"/> 
      <forward name="lessThanTwo" path="/jsp/cdebrowser/cdeCompareFailure.jsp"/> 
    </action>    
 
     <action name="compareCDEForm" path="/cdebrowser/doneCompareListAction" parameter="method"
       scope="request"
       type="gov.nih.nci.ncicb.cadsr.cdebrowser.struts.actions.CompareCDEAction"
       validate="false">      
       <forward name="success" path="/jsp/cdeBrowse.jsp?PageId=DataElementsGroup"/>
       <forward name="failure" path="/jsp/cdeBrowse.jsp?PageId=DataElementsGroup"/> 
    </action>  
    
   </action-mappings>

</struts-config>
