<?xml version="1.0" encoding="UTF-8"?>

<!--L
  Copyright SAIC-F Inc.

  Distributed under the OSI-approved BSD 3-Clause License.
  See http://ncip.github.com/cadsr-cde-browser/LICENSE.txt for details.

  Portions of this source file not modified since 2008 are covered by:

  Copyright 2000-2008 Oracle, Inc.

  Distributed under the caBIG Software License.  For details see
  http://ncip.github.com/cadsr-cde-browser/LICENSE-caBIG.txt
L-->

<jboss-web>
    <security-domain>java:/jaas/CDEBrowserDomain</security-domain>
    <resource-ref>
        <res-ref-name>jdbc/CDEBrowserDS</res-ref-name>
        <res-type>javax.sql.DataSource</res-type>
        <jndi-name>java:jdbc/CDEBrowserDS</jndi-name>
    </resource-ref>
</jboss-web>

